it ant_count alpha_ant beta_ant greedy random standard rank elit pso,,,,,,,,alpha=0.4,alpha=.55,alpha=1,bta=0.4,beta=0.85,beta=1,antcount=50,antcount=100,antcount=150,antcount=200
50,50,0.4,0.4,,,567.1654825,,567.1654825,FALSE,FALSE,567.1654825,FALSE,FALSE,567.1654825,FALSE,FALSE,FALSE
50,50,0.4,0.4,,,567.1654825,,567.1654825,FALSE,FALSE,567.1654825,FALSE,FALSE,567.1654825,FALSE,FALSE,FALSE
50,50,0.4,0.4,,,567.1654825,,567.1654825,FALSE,FALSE,567.1654825,FALSE,FALSE,567.1654825,FALSE,FALSE,FALSE
50,50,0.4,0.85,,,528.656108,,528.656108,FALSE,FALSE,FALSE,528.656108,FALSE,528.656108,FALSE,FALSE,FALSE
50,50,0.4,0.85,,,528.656108,,528.656108,FALSE,FALSE,FALSE,528.656108,FALSE,528.656108,FALSE,FALSE,FALSE
50,50,0.4,0.85,,,528.656108,,528.656108,FALSE,FALSE,FALSE,528.656108,FALSE,528.656108,FALSE,FALSE,FALSE
50,50,0.4,1,,,510.3619557,,510.3619557,FALSE,FALSE,FALSE,FALSE,510.3619557,510.3619557,FALSE,FALSE,FALSE
50,50,0.4,1,,,510.3619557,,510.3619557,FALSE,FALSE,FALSE,FALSE,510.3619557,510.3619557,FALSE,FALSE,FALSE
50,50,0.4,1,,,510.3619557,,510.3619557,FALSE,FALSE,FALSE,FALSE,510.3619557,510.3619557,FALSE,FALSE,FALSE
50,50,0.55,0.4,,,567.1654825,,FALSE,567.1654825,FALSE,567.1654825,FALSE,FALSE,567.1654825,FALSE,FALSE,FALSE
50,50,0.55,0.4,,,567.1654825,,FALSE,567.1654825,FALSE,567.1654825,FALSE,FALSE,567.1654825,FALSE,FALSE,FALSE
50,50,0.55,0.4,,,567.1654825,,FALSE,567.1654825,FALSE,567.1654825,FALSE,FALSE,567.1654825,FALSE,FALSE,FALSE
50,50,0.55,0.85,,,528.656108,,FALSE,528.656108,FALSE,FALSE,528.656108,FALSE,528.656108,FALSE,FALSE,FALSE
50,50,0.55,0.85,,,528.656108,,FALSE,528.656108,FALSE,FALSE,528.656108,FALSE,528.656108,FALSE,FALSE,FALSE
50,50,0.55,0.85,,,528.656108,,FALSE,528.656108,FALSE,FALSE,528.656108,FALSE,528.656108,FALSE,FALSE,FALSE
50,50,0.55,1,,,510.3619557,,FALSE,510.3619557,FALSE,FALSE,FALSE,510.3619557,510.3619557,FALSE,FALSE,FALSE
50,50,0.55,1,,,510.3619557,,FALSE,510.3619557,FALSE,FALSE,FALSE,510.3619557,510.3619557,FALSE,FALSE,FALSE
50,50,0.55,1,,,510.3619557,,FALSE,510.3619557,FALSE,FALSE,FALSE,510.3619557,510.3619557,FALSE,FALSE,FALSE
50,50,1,0.4,,,567.1654825,,FALSE,FALSE,567.1654825,567.1654825,FALSE,FALSE,567.1654825,FALSE,FALSE,FALSE
50,50,1,0.4,,,567.1654825,,FALSE,FALSE,567.1654825,567.1654825,FALSE,FALSE,567.1654825,FALSE,FALSE,FALSE
50,50,1,0.4,,,567.1654825,,FALSE,FALSE,567.1654825,567.1654825,FALSE,FALSE,567.1654825,FALSE,FALSE,FALSE
50,50,1,0.85,,,528.656108,,FALSE,FALSE,528.656108,FALSE,528.656108,FALSE,528.656108,FALSE,FALSE,FALSE
50,50,1,0.85,,,528.656108,,FALSE,FALSE,528.656108,FALSE,528.656108,FALSE,528.656108,FALSE,FALSE,FALSE
50,50,1,0.85,,,528.656108,,FALSE,FALSE,528.656108,FALSE,528.656108,FALSE,528.656108,FALSE,FALSE,FALSE
50,50,1,1,,,510.3619557,,FALSE,FALSE,510.3619557,FALSE,FALSE,510.3619557,510.3619557,FALSE,FALSE,FALSE
50,50,1,1,,,510.3619557,,FALSE,FALSE,510.3619557,FALSE,FALSE,510.3619557,510.3619557,FALSE,FALSE,FALSE
50,50,1,1,,,510.3619557,,FALSE,FALSE,510.3619557,FALSE,FALSE,510.3619557,510.3619557,FALSE,FALSE,FALSE
50,100,0.4,0.4,,,568.980877,,568.980877,FALSE,FALSE,568.980877,FALSE,FALSE,FALSE,568.980877,FALSE,FALSE
50,100,0.4,0.4,,,568.980877,,568.980877,FALSE,FALSE,568.980877,FALSE,FALSE,FALSE,568.980877,FALSE,FALSE
50,100,0.4,0.4,,,568.980877,,568.980877,FALSE,FALSE,568.980877,FALSE,FALSE,FALSE,568.980877,FALSE,FALSE
50,100,0.4,0.85,,,528.656108,,528.656108,FALSE,FALSE,FALSE,528.656108,FALSE,FALSE,528.656108,FALSE,FALSE
50,100,0.4,0.85,,,528.656108,,528.656108,FALSE,FALSE,FALSE,528.656108,FALSE,FALSE,528.656108,FALSE,FALSE
50,100,0.4,0.85,,,528.656108,,528.656108,FALSE,FALSE,FALSE,528.656108,FALSE,FALSE,528.656108,FALSE,FALSE
50,100,0.4,1,,,510.3619557,,510.3619557,FALSE,FALSE,FALSE,FALSE,510.3619557,FALSE,510.3619557,FALSE,FALSE
50,100,0.4,1,,,510.3619557,,510.3619557,FALSE,FALSE,FALSE,FALSE,510.3619557,FALSE,510.3619557,FALSE,FALSE
50,100,0.4,1,,,510.3619557,,510.3619557,FALSE,FALSE,FALSE,FALSE,510.3619557,FALSE,510.3619557,FALSE,FALSE
50,100,0.55,0.4,,,568.980877,,FALSE,568.980877,FALSE,568.980877,FALSE,FALSE,FALSE,568.980877,FALSE,FALSE
50,100,0.55,0.4,,,568.980877,,FALSE,568.980877,FALSE,568.980877,FALSE,FALSE,FALSE,568.980877,FALSE,FALSE
50,100,0.55,0.4,,,568.980877,,FALSE,568.980877,FALSE,568.980877,FALSE,FALSE,FALSE,568.980877,FALSE,FALSE
50,100,0.55,0.85,,,528.656108,,FALSE,528.656108,FALSE,FALSE,528.656108,FALSE,FALSE,528.656108,FALSE,FALSE
50,100,0.55,0.85,,,528.656108,,FALSE,528.656108,FALSE,FALSE,528.656108,FALSE,FALSE,528.656108,FALSE,FALSE
50,100,0.55,0.85,,,528.656108,,FALSE,528.656108,FALSE,FALSE,528.656108,FALSE,FALSE,528.656108,FALSE,FALSE
50,100,0.55,1,,,510.3619557,,FALSE,510.3619557,FALSE,FALSE,FALSE,510.3619557,FALSE,510.3619557,FALSE,FALSE
50,100,0.55,1,,,510.3619557,,FALSE,510.3619557,FALSE,FALSE,FALSE,510.3619557,FALSE,510.3619557,FALSE,FALSE
50,100,0.55,1,,,510.3619557,,FALSE,510.3619557,FALSE,FALSE,FALSE,510.3619557,FALSE,510.3619557,FALSE,FALSE
50,100,1,0.4,,,568.980877,,FALSE,FALSE,568.980877,568.980877,FALSE,FALSE,FALSE,568.980877,FALSE,FALSE
50,100,1,0.4,,,568.980877,,FALSE,FALSE,568.980877,568.980877,FALSE,FALSE,FALSE,568.980877,FALSE,FALSE
50,100,1,0.4,,,568.980877,,FALSE,FALSE,568.980877,568.980877,FALSE,FALSE,FALSE,568.980877,FALSE,FALSE
50,100,1,0.85,,,504.9315203,,FALSE,FALSE,504.9315203,FALSE,504.9315203,FALSE,FALSE,504.9315203,FALSE,FALSE
50,100,1,0.85,,,504.9315203,,FALSE,FALSE,504.9315203,FALSE,504.9315203,FALSE,FALSE,504.9315203,FALSE,FALSE
50,100,1,0.85,,,504.9315203,,FALSE,FALSE,504.9315203,FALSE,504.9315203,FALSE,FALSE,504.9315203,FALSE,FALSE
50,100,1,1,,,510.3619557,,FALSE,FALSE,510.3619557,FALSE,FALSE,510.3619557,FALSE,510.3619557,FALSE,FALSE
50,100,1,1,,,510.3619557,,FALSE,FALSE,510.3619557,FALSE,FALSE,510.3619557,FALSE,510.3619557,FALSE,FALSE
50,100,1,1,,,510.3619557,,FALSE,FALSE,510.3619557,FALSE,FALSE,510.3619557,FALSE,510.3619557,FALSE,FALSE
50,150,0.4,0.4,,,568.980877,,568.980877,FALSE,FALSE,568.980877,FALSE,FALSE,FALSE,FALSE,568.980877,FALSE
50,150,0.4,0.4,,,568.980877,,568.980877,FALSE,FALSE,568.980877,FALSE,FALSE,FALSE,FALSE,568.980877,FALSE
50,150,0.4,0.4,,,568.980877,,568.980877,FALSE,FALSE,568.980877,FALSE,FALSE,FALSE,FALSE,568.980877,FALSE
50,150,0.4,0.85,,,528.656108,,528.656108,FALSE,FALSE,FALSE,528.656108,FALSE,FALSE,FALSE,528.656108,FALSE
50,150,0.4,0.85,,,528.656108,,528.656108,FALSE,FALSE,FALSE,528.656108,FALSE,FALSE,FALSE,528.656108,FALSE
50,150,0.4,0.85,,,529.7271969,,529.7271969,FALSE,FALSE,FALSE,529.7271969,FALSE,FALSE,FALSE,529.7271969,FALSE
50,150,0.4,1,,,472.4298643,,472.4298643,FALSE,FALSE,FALSE,FALSE,472.4298643,FALSE,FALSE,472.4298643,FALSE
50,150,0.4,1,,,472.4298643,,472.4298643,FALSE,FALSE,FALSE,FALSE,472.4298643,FALSE,FALSE,472.4298643,FALSE
50,150,0.4,1,,,472.4298643,,472.4298643,FALSE,FALSE,FALSE,FALSE,472.4298643,FALSE,FALSE,472.4298643,FALSE
50,150,0.55,0.4,,,568.980877,,FALSE,568.980877,FALSE,568.980877,FALSE,FALSE,FALSE,FALSE,568.980877,FALSE
50,150,0.55,0.4,,,568.980877,,FALSE,568.980877,FALSE,568.980877,FALSE,FALSE,FALSE,FALSE,568.980877,FALSE
50,150,0.55,0.4,,,568.980877,,FALSE,568.980877,FALSE,568.980877,FALSE,FALSE,FALSE,FALSE,568.980877,FALSE
50,150,0.55,0.85,,,504.9315203,,FALSE,504.9315203,FALSE,FALSE,504.9315203,FALSE,FALSE,FALSE,504.9315203,FALSE
50,150,0.55,0.85,,,504.9315203,,FALSE,504.9315203,FALSE,FALSE,504.9315203,FALSE,FALSE,FALSE,504.9315203,FALSE
50,150,0.55,0.85,,,504.9315203,,FALSE,504.9315203,FALSE,FALSE,504.9315203,FALSE,FALSE,FALSE,504.9315203,FALSE
50,150,0.55,1,,,472.4298643,,FALSE,472.4298643,FALSE,FALSE,FALSE,472.4298643,FALSE,FALSE,472.4298643,FALSE
50,150,0.55,1,,,472.4298643,,FALSE,472.4298643,FALSE,FALSE,FALSE,472.4298643,FALSE,FALSE,472.4298643,FALSE
50,150,0.55,1,,,472.4298643,,FALSE,472.4298643,FALSE,FALSE,FALSE,472.4298643,FALSE,FALSE,472.4298643,FALSE
50,150,1,0.4,,,568.980877,,FALSE,FALSE,568.980877,568.980877,FALSE,FALSE,FALSE,FALSE,568.980877,FALSE
50,150,1,0.4,,,568.980877,,FALSE,FALSE,568.980877,568.980877,FALSE,FALSE,FALSE,FALSE,568.980877,FALSE
50,150,1,0.4,,,568.980877,,FALSE,FALSE,568.980877,568.980877,FALSE,FALSE,FALSE,FALSE,568.980877,FALSE
50,150,1,0.85,,,504.9315203,,FALSE,FALSE,504.9315203,FALSE,504.9315203,FALSE,FALSE,FALSE,504.9315203,FALSE
50,150,1,0.85,,,504.9315203,,FALSE,FALSE,504.9315203,FALSE,504.9315203,FALSE,FALSE,FALSE,504.9315203,FALSE
50,150,1,0.85,,,504.9315203,,FALSE,FALSE,504.9315203,FALSE,504.9315203,FALSE,FALSE,FALSE,504.9315203,FALSE
50,150,1,1,,,472.4298643,,FALSE,FALSE,472.4298643,FALSE,FALSE,472.4298643,FALSE,FALSE,472.4298643,FALSE
50,150,1,1,,,472.4298643,,FALSE,FALSE,472.4298643,FALSE,FALSE,472.4298643,FALSE,FALSE,472.4298643,FALSE
50,150,1,1,,,472.4298643,,FALSE,FALSE,472.4298643,FALSE,FALSE,472.4298643,FALSE,FALSE,472.4298643,FALSE
50,200,0.4,0.4,,,532.984451,,532.984451,FALSE,FALSE,532.984451,FALSE,FALSE,FALSE,FALSE,FALSE,532.984451
50,200,0.4,0.4,,,532.984451,,532.984451,FALSE,FALSE,532.984451,FALSE,FALSE,FALSE,FALSE,FALSE,532.984451
50,200,0.4,0.4,,,532.984451,,532.984451,FALSE,FALSE,532.984451,FALSE,FALSE,FALSE,FALSE,FALSE,532.984451
50,200,0.4,0.85,,,509.5863323,,509.5863323,FALSE,FALSE,FALSE,509.5863323,FALSE,FALSE,FALSE,FALSE,509.5863323
50,200,0.4,0.85,,,504.9315203,,504.9315203,FALSE,FALSE,FALSE,504.9315203,FALSE,FALSE,FALSE,FALSE,504.9315203
50,200,0.4,0.85,,,504.9315203,,504.9315203,FALSE,FALSE,FALSE,504.9315203,FALSE,FALSE,FALSE,FALSE,504.9315203
50,200,0.4,1,,,472.4298643,,472.4298643,FALSE,FALSE,FALSE,FALSE,472.4298643,FALSE,FALSE,FALSE,472.4298643
50,200,0.4,1,,,472.4298643,,472.4298643,FALSE,FALSE,FALSE,FALSE,472.4298643,FALSE,FALSE,FALSE,472.4298643
50,200,0.4,1,,,472.4298643,,472.4298643,FALSE,FALSE,FALSE,FALSE,472.4298643,FALSE,FALSE,FALSE,472.4298643
50,200,0.55,0.4,,,532.984451,,FALSE,532.984451,FALSE,532.984451,FALSE,FALSE,FALSE,FALSE,FALSE,532.984451
50,200,0.55,0.4,,,532.984451,,FALSE,532.984451,FALSE,532.984451,FALSE,FALSE,FALSE,FALSE,FALSE,532.984451
50,200,0.55,0.4,,,532.984451,,FALSE,532.984451,FALSE,532.984451,FALSE,FALSE,FALSE,FALSE,FALSE,532.984451
50,200,0.55,0.85,,,504.9315203,,FALSE,504.9315203,FALSE,FALSE,504.9315203,FALSE,FALSE,FALSE,FALSE,504.9315203
50,200,0.55,0.85,,,504.9315203,,FALSE,504.9315203,FALSE,FALSE,504.9315203,FALSE,FALSE,FALSE,FALSE,504.9315203
50,200,0.55,0.85,,,504.9315203,,FALSE,504.9315203,FALSE,FALSE,504.9315203,FALSE,FALSE,FALSE,FALSE,504.9315203
50,200,0.55,1,,,472.4298643,,FALSE,472.4298643,FALSE,FALSE,FALSE,472.4298643,FALSE,FALSE,FALSE,472.4298643
50,200,0.55,1,,,472.4298643,,FALSE,472.4298643,FALSE,FALSE,FALSE,472.4298643,FALSE,FALSE,FALSE,472.4298643
50,200,0.55,1,,,472.4298643,,FALSE,472.4298643,FALSE,FALSE,FALSE,472.4298643,FALSE,FALSE,FALSE,472.4298643
50,200,1,0.4,,,532.984451,,FALSE,FALSE,532.984451,532.984451,FALSE,FALSE,FALSE,FALSE,FALSE,532.984451
50,200,1,0.4,,,532.984451,,FALSE,FALSE,532.984451,532.984451,FALSE,FALSE,FALSE,FALSE,FALSE,532.984451
50,200,1,0.4,,,532.984451,,FALSE,FALSE,532.984451,532.984451,FALSE,FALSE,FALSE,FALSE,FALSE,532.984451
50,200,1,0.85,,,504.9315203,,FALSE,FALSE,504.9315203,FALSE,504.9315203,FALSE,FALSE,FALSE,FALSE,504.9315203
50,200,1,0.85,,,504.9315203,,FALSE,FALSE,504.9315203,FALSE,504.9315203,FALSE,FALSE,FALSE,FALSE,504.9315203
50,200,1,0.85,,,504.9315203,,FALSE,FALSE,504.9315203,FALSE,504.9315203,FALSE,FALSE,FALSE,FALSE,504.9315203
50,200,1,1,,,472.4298643,,FALSE,FALSE,472.4298643,FALSE,FALSE,472.4298643,FALSE,FALSE,FALSE,472.4298643
50,200,1,1,,,472.4298643,,FALSE,FALSE,472.4298643,FALSE,FALSE,472.4298643,FALSE,FALSE,FALSE,472.4298643
50,200,1,1,,,472.4298643,,FALSE,FALSE,472.4298643,FALSE,FALSE,472.4298643,FALSE,FALSE,FALSE,472.4298643
50,50,0.4,0.4,,,588.934874,,588.934874,FALSE,FALSE,588.934874,FALSE,FALSE,588.934874,FALSE,FALSE,FALSE
50,50,0.4,0.4,,,588.934874,,588.934874,FALSE,FALSE,588.934874,FALSE,FALSE,588.934874,FALSE,FALSE,FALSE
50,50,0.4,0.4,,,588.934874,,588.934874,FALSE,FALSE,588.934874,FALSE,FALSE,588.934874,FALSE,FALSE,FALSE
50,50,0.4,0.85,,,483.2475794,,483.2475794,FALSE,FALSE,FALSE,483.2475794,FALSE,483.2475794,FALSE,FALSE,FALSE
50,50,0.4,0.85,,,483.2475794,,483.2475794,FALSE,FALSE,FALSE,483.2475794,FALSE,483.2475794,FALSE,FALSE,FALSE
50,50,0.4,0.85,,,483.2475794,,483.2475794,FALSE,FALSE,FALSE,483.2475794,FALSE,483.2475794,FALSE,FALSE,FALSE
50,50,0.4,1,,,512.3489239,,512.3489239,FALSE,FALSE,FALSE,FALSE,512.3489239,512.3489239,FALSE,FALSE,FALSE
50,50,0.4,1,,,512.3489239,,512.3489239,FALSE,FALSE,FALSE,FALSE,512.3489239,512.3489239,FALSE,FALSE,FALSE
50,50,0.4,1,,,512.3489239,,512.3489239,FALSE,FALSE,FALSE,FALSE,512.3489239,512.3489239,FALSE,FALSE,FALSE
50,50,0.55,0.4,,,524.2578982,,FALSE,524.2578982,FALSE,524.2578982,FALSE,FALSE,524.2578982,FALSE,FALSE,FALSE
50,50,0.55,0.4,,,588.934874,,FALSE,588.934874,FALSE,588.934874,FALSE,FALSE,588.934874,FALSE,FALSE,FALSE
50,50,0.55,0.4,,,588.934874,,FALSE,588.934874,FALSE,588.934874,FALSE,FALSE,588.934874,FALSE,FALSE,FALSE
50,50,0.55,0.85,,,483.2475794,,FALSE,483.2475794,FALSE,FALSE,483.2475794,FALSE,483.2475794,FALSE,FALSE,FALSE
50,50,0.55,0.85,,,483.2475794,,FALSE,483.2475794,FALSE,FALSE,483.2475794,FALSE,483.2475794,FALSE,FALSE,FALSE
50,50,0.55,0.85,,,483.2475794,,FALSE,483.2475794,FALSE,FALSE,483.2475794,FALSE,483.2475794,FALSE,FALSE,FALSE
50,50,0.55,1,,,512.3489239,,FALSE,512.3489239,FALSE,FALSE,FALSE,512.3489239,512.3489239,FALSE,FALSE,FALSE
50,50,0.55,1,,,512.3489239,,FALSE,512.3489239,FALSE,FALSE,FALSE,512.3489239,512.3489239,FALSE,FALSE,FALSE
50,50,0.55,1,,,512.3489239,,FALSE,512.3489239,FALSE,FALSE,FALSE,512.3489239,512.3489239,FALSE,FALSE,FALSE
50,50,1,0.4,,,524.2578982,,FALSE,FALSE,524.2578982,524.2578982,FALSE,FALSE,524.2578982,FALSE,FALSE,FALSE
50,50,1,0.4,,,588.934874,,FALSE,FALSE,588.934874,588.934874,FALSE,FALSE,588.934874,FALSE,FALSE,FALSE
50,50,1,0.4,,,588.934874,,FALSE,FALSE,588.934874,588.934874,FALSE,FALSE,588.934874,FALSE,FALSE,FALSE
50,50,1,0.85,,,483.2475794,,FALSE,FALSE,483.2475794,FALSE,483.2475794,FALSE,483.2475794,FALSE,FALSE,FALSE
50,50,1,0.85,,,483.2475794,,FALSE,FALSE,483.2475794,FALSE,483.2475794,FALSE,483.2475794,FALSE,FALSE,FALSE
50,50,1,0.85,,,483.2475794,,FALSE,FALSE,483.2475794,FALSE,483.2475794,FALSE,483.2475794,FALSE,FALSE,FALSE
50,50,1,1,,,512.3489239,,FALSE,FALSE,512.3489239,FALSE,FALSE,512.3489239,512.3489239,FALSE,FALSE,FALSE
50,50,1,1,,,512.3489239,,FALSE,FALSE,512.3489239,FALSE,FALSE,512.3489239,512.3489239,FALSE,FALSE,FALSE
50,50,1,1,,,512.3489239,,FALSE,FALSE,512.3489239,FALSE,FALSE,512.3489239,512.3489239,FALSE,FALSE,FALSE
50,100,0.4,0.4,,,534.4915005,,534.4915005,FALSE,FALSE,534.4915005,FALSE,FALSE,FALSE,534.4915005,FALSE,FALSE
50,100,0.4,0.4,,,525.8138241,,525.8138241,FALSE,FALSE,525.8138241,FALSE,FALSE,FALSE,525.8138241,FALSE,FALSE
50,100,0.4,0.4,,,525.8138241,,525.8138241,FALSE,FALSE,525.8138241,FALSE,FALSE,FALSE,525.8138241,FALSE,FALSE
50,100,0.4,0.85,,,483.2475794,,483.2475794,FALSE,FALSE,FALSE,483.2475794,FALSE,FALSE,483.2475794,FALSE,FALSE
50,100,0.4,0.85,,,483.2475794,,483.2475794,FALSE,FALSE,FALSE,483.2475794,FALSE,FALSE,483.2475794,FALSE,FALSE
50,100,0.4,0.85,,,483.2475794,,483.2475794,FALSE,FALSE,FALSE,483.2475794,FALSE,FALSE,483.2475794,FALSE,FALSE
50,100,0.4,1,,,512.3489239,,512.3489239,FALSE,FALSE,FALSE,FALSE,512.3489239,FALSE,512.3489239,FALSE,FALSE
50,100,0.4,1,,,512.3489239,,512.3489239,FALSE,FALSE,FALSE,FALSE,512.3489239,FALSE,512.3489239,FALSE,FALSE
50,100,0.4,1,,,512.3489239,,512.3489239,FALSE,FALSE,FALSE,FALSE,512.3489239,FALSE,512.3489239,FALSE,FALSE
50,100,0.55,0.4,,,534.4915005,,FALSE,534.4915005,FALSE,534.4915005,FALSE,FALSE,FALSE,534.4915005,FALSE,FALSE
50,100,0.55,0.4,,,525.8138241,,FALSE,525.8138241,FALSE,525.8138241,FALSE,FALSE,FALSE,525.8138241,FALSE,FALSE
50,100,0.55,0.4,,,525.8138241,,FALSE,525.8138241,FALSE,525.8138241,FALSE,FALSE,FALSE,525.8138241,FALSE,FALSE
50,100,0.55,0.85,,,483.2475794,,FALSE,483.2475794,FALSE,FALSE,483.2475794,FALSE,FALSE,483.2475794,FALSE,FALSE
50,100,0.55,0.85,,,483.2475794,,FALSE,483.2475794,FALSE,FALSE,483.2475794,FALSE,FALSE,483.2475794,FALSE,FALSE
50,100,0.55,0.85,,,483.2475794,,FALSE,483.2475794,FALSE,FALSE,483.2475794,FALSE,FALSE,483.2475794,FALSE,FALSE
50,100,0.55,1,,,512.3489239,,FALSE,512.3489239,FALSE,FALSE,FALSE,512.3489239,FALSE,512.3489239,FALSE,FALSE
50,100,0.55,1,,,512.3489239,,FALSE,512.3489239,FALSE,FALSE,FALSE,512.3489239,FALSE,512.3489239,FALSE,FALSE
50,100,0.55,1,,,512.3489239,,FALSE,512.3489239,FALSE,FALSE,FALSE,512.3489239,FALSE,512.3489239,FALSE,FALSE
50,100,1,0.4,,,525.8138241,,FALSE,FALSE,525.8138241,525.8138241,FALSE,FALSE,FALSE,525.8138241,FALSE,FALSE
50,100,1,0.4,,,525.8138241,,FALSE,FALSE,525.8138241,525.8138241,FALSE,FALSE,FALSE,525.8138241,FALSE,FALSE
50,100,1,0.4,,,525.8138241,,FALSE,FALSE,525.8138241,525.8138241,FALSE,FALSE,FALSE,525.8138241,FALSE,FALSE
50,100,1,0.85,,,483.2475794,,FALSE,FALSE,483.2475794,FALSE,483.2475794,FALSE,FALSE,483.2475794,FALSE,FALSE
50,100,1,0.85,,,483.2475794,,FALSE,FALSE,483.2475794,FALSE,483.2475794,FALSE,FALSE,483.2475794,FALSE,FALSE
50,100,1,0.85,,,483.2475794,,FALSE,FALSE,483.2475794,FALSE,483.2475794,FALSE,FALSE,483.2475794,FALSE,FALSE
50,100,1,1,,,512.3489239,,FALSE,FALSE,512.3489239,FALSE,FALSE,512.3489239,FALSE,512.3489239,FALSE,FALSE
50,100,1,1,,,512.3489239,,FALSE,FALSE,512.3489239,FALSE,FALSE,512.3489239,FALSE,512.3489239,FALSE,FALSE
50,100,1,1,,,512.3489239,,FALSE,FALSE,512.3489239,FALSE,FALSE,512.3489239,FALSE,512.3489239,FALSE,FALSE
50,150,0.4,0.4,,,525.8138241,,525.8138241,FALSE,FALSE,525.8138241,FALSE,FALSE,FALSE,FALSE,525.8138241,FALSE
50,150,0.4,0.4,,,525.8138241,,525.8138241,FALSE,FALSE,525.8138241,FALSE,FALSE,FALSE,FALSE,525.8138241,FALSE
50,150,0.4,0.4,,,525.8138241,,525.8138241,FALSE,FALSE,525.8138241,FALSE,FALSE,FALSE,FALSE,525.8138241,FALSE
50,150,0.4,0.85,,,483.2475794,,483.2475794,FALSE,FALSE,FALSE,483.2475794,FALSE,FALSE,FALSE,483.2475794,FALSE
50,150,0.4,0.85,,,483.2475794,,483.2475794,FALSE,FALSE,FALSE,483.2475794,FALSE,FALSE,FALSE,483.2475794,FALSE
50,150,0.4,0.85,,,483.2475794,,483.2475794,FALSE,FALSE,FALSE,483.2475794,FALSE,FALSE,FALSE,483.2475794,FALSE
50,150,0.4,1,,,493.6854039,,493.6854039,FALSE,FALSE,FALSE,FALSE,493.6854039,FALSE,FALSE,493.6854039,FALSE
50,150,0.4,1,,,493.6854039,,493.6854039,FALSE,FALSE,FALSE,FALSE,493.6854039,FALSE,FALSE,493.6854039,FALSE
50,150,0.4,1,,,493.6854039,,493.6854039,FALSE,FALSE,FALSE,FALSE,493.6854039,FALSE,FALSE,493.6854039,FALSE
50,150,0.55,0.4,,,525.8138241,,FALSE,525.8138241,FALSE,525.8138241,FALSE,FALSE,FALSE,FALSE,525.8138241,FALSE
50,150,0.55,0.4,,,525.8138241,,FALSE,525.8138241,FALSE,525.8138241,FALSE,FALSE,FALSE,FALSE,525.8138241,FALSE
50,150,0.55,0.4,,,525.8138241,,FALSE,525.8138241,FALSE,525.8138241,FALSE,FALSE,FALSE,FALSE,525.8138241,FALSE
50,150,0.55,0.85,,,483.2475794,,FALSE,483.2475794,FALSE,FALSE,483.2475794,FALSE,FALSE,FALSE,483.2475794,FALSE
50,150,0.55,0.85,,,483.2475794,,FALSE,483.2475794,FALSE,FALSE,483.2475794,FALSE,FALSE,FALSE,483.2475794,FALSE
50,150,0.55,0.85,,,483.2475794,,FALSE,483.2475794,FALSE,FALSE,483.2475794,FALSE,FALSE,FALSE,483.2475794,FALSE
50,150,0.55,1,,,493.6854039,,FALSE,493.6854039,FALSE,FALSE,FALSE,493.6854039,FALSE,FALSE,493.6854039,FALSE
50,150,0.55,1,,,493.6854039,,FALSE,493.6854039,FALSE,FALSE,FALSE,493.6854039,FALSE,FALSE,493.6854039,FALSE
50,150,0.55,1,,,493.6854039,,FALSE,493.6854039,FALSE,FALSE,FALSE,493.6854039,FALSE,FALSE,493.6854039,FALSE
50,150,1,0.4,,,525.8138241,,FALSE,FALSE,525.8138241,525.8138241,FALSE,FALSE,FALSE,FALSE,525.8138241,FALSE
50,150,1,0.4,,,525.8138241,,FALSE,FALSE,525.8138241,525.8138241,FALSE,FALSE,FALSE,FALSE,525.8138241,FALSE
50,150,1,0.4,,,525.8138241,,FALSE,FALSE,525.8138241,525.8138241,FALSE,FALSE,FALSE,FALSE,525.8138241,FALSE
50,150,1,0.85,,,483.2475794,,FALSE,FALSE,483.2475794,FALSE,483.2475794,FALSE,FALSE,FALSE,483.2475794,FALSE
50,150,1,0.85,,,483.2475794,,FALSE,FALSE,483.2475794,FALSE,483.2475794,FALSE,FALSE,FALSE,483.2475794,FALSE
50,150,1,0.85,,,483.2475794,,FALSE,FALSE,483.2475794,FALSE,483.2475794,FALSE,FALSE,FALSE,483.2475794,FALSE
50,150,1,1,,,493.6854039,,FALSE,FALSE,493.6854039,FALSE,FALSE,493.6854039,FALSE,FALSE,493.6854039,FALSE
50,150,1,1,,,493.6854039,,FALSE,FALSE,493.6854039,FALSE,FALSE,493.6854039,FALSE,FALSE,493.6854039,FALSE
50,150,1,1,,,493.6854039,,FALSE,FALSE,493.6854039,FALSE,FALSE,493.6854039,FALSE,FALSE,493.6854039,FALSE
50,200,0.4,0.4,,,525.8138241,,525.8138241,FALSE,FALSE,525.8138241,FALSE,FALSE,FALSE,FALSE,FALSE,525.8138241
50,200,0.4,0.4,,,525.8138241,,525.8138241,FALSE,FALSE,525.8138241,FALSE,FALSE,FALSE,FALSE,FALSE,525.8138241
50,200,0.4,0.4,,,525.8138241,,525.8138241,FALSE,FALSE,525.8138241,FALSE,FALSE,FALSE,FALSE,FALSE,525.8138241
50,200,0.4,0.85,,,483.2475794,,483.2475794,FALSE,FALSE,FALSE,483.2475794,FALSE,FALSE,FALSE,FALSE,483.2475794
50,200,0.4,0.85,,,483.2475794,,483.2475794,FALSE,FALSE,FALSE,483.2475794,FALSE,FALSE,FALSE,FALSE,483.2475794
50,200,0.4,0.85,,,483.2475794,,483.2475794,FALSE,FALSE,FALSE,483.2475794,FALSE,FALSE,FALSE,FALSE,483.2475794
50,200,0.4,1,,,493.6854039,,493.6854039,FALSE,FALSE,FALSE,FALSE,493.6854039,FALSE,FALSE,FALSE,493.6854039
50,200,0.4,1,,,493.6854039,,493.6854039,FALSE,FALSE,FALSE,FALSE,493.6854039,FALSE,FALSE,FALSE,493.6854039
50,200,0.4,1,,,493.6854039,,493.6854039,FALSE,FALSE,FALSE,FALSE,493.6854039,FALSE,FALSE,FALSE,493.6854039
50,200,0.55,0.4,,,525.8138241,,FALSE,525.8138241,FALSE,525.8138241,FALSE,FALSE,FALSE,FALSE,FALSE,525.8138241
50,200,0.55,0.4,,,525.8138241,,FALSE,525.8138241,FALSE,525.8138241,FALSE,FALSE,FALSE,FALSE,FALSE,525.8138241
50,200,0.55,0.4,,,525.8138241,,FALSE,525.8138241,FALSE,525.8138241,FALSE,FALSE,FALSE,FALSE,FALSE,525.8138241
50,200,0.55,0.85,,,483.2475794,,FALSE,483.2475794,FALSE,FALSE,483.2475794,FALSE,FALSE,FALSE,FALSE,483.2475794
50,200,0.55,0.85,,,483.2475794,,FALSE,483.2475794,FALSE,FALSE,483.2475794,FALSE,FALSE,FALSE,FALSE,483.2475794
50,200,0.55,0.85,,,483.2475794,,FALSE,483.2475794,FALSE,FALSE,483.2475794,FALSE,FALSE,FALSE,FALSE,483.2475794
50,200,0.55,1,,,493.6854039,,FALSE,493.6854039,FALSE,FALSE,FALSE,493.6854039,FALSE,FALSE,FALSE,493.6854039
50,200,0.55,1,,,493.6854039,,FALSE,493.6854039,FALSE,FALSE,FALSE,493.6854039,FALSE,FALSE,FALSE,493.6854039
50,200,0.55,1,,,493.6854039,,FALSE,493.6854039,FALSE,FALSE,FALSE,493.6854039,FALSE,FALSE,FALSE,493.6854039
50,200,1,0.4,,,525.8138241,,FALSE,FALSE,525.8138241,525.8138241,FALSE,FALSE,FALSE,FALSE,FALSE,525.8138241
50,200,1,0.4,,,525.8138241,,FALSE,FALSE,525.8138241,525.8138241,FALSE,FALSE,FALSE,FALSE,FALSE,525.8138241
50,200,1,0.4,,,525.8138241,,FALSE,FALSE,525.8138241,525.8138241,FALSE,FALSE,FALSE,FALSE,FALSE,525.8138241
50,200,1,0.85,,,483.2475794,,FALSE,FALSE,483.2475794,FALSE,483.2475794,FALSE,FALSE,FALSE,FALSE,483.2475794
50,200,1,0.85,,,483.2475794,,FALSE,FALSE,483.2475794,FALSE,483.2475794,FALSE,FALSE,FALSE,FALSE,483.2475794
50,200,1,0.85,,,483.2475794,,FALSE,FALSE,483.2475794,FALSE,483.2475794,FALSE,FALSE,FALSE,FALSE,483.2475794
50,200,1,1,,,493.6854039,,FALSE,FALSE,493.6854039,FALSE,FALSE,493.6854039,FALSE,FALSE,FALSE,493.6854039
50,200,1,1,,,493.6854039,,FALSE,FALSE,493.6854039,FALSE,FALSE,493.6854039,FALSE,FALSE,FALSE,493.6854039
50,200,1,1,,,493.6854039,,FALSE,FALSE,493.6854039,FALSE,FALSE,493.6854039,FALSE,FALSE,FALSE,493.6854039
50,50,0.4,0.4,,,554.8697265,,554.8697265,FALSE,FALSE,554.8697265,FALSE,FALSE,554.8697265,FALSE,FALSE,FALSE
50,50,0.4,0.4,,,554.8697265,,554.8697265,FALSE,FALSE,554.8697265,FALSE,FALSE,554.8697265,FALSE,FALSE,FALSE
50,50,0.4,0.4,,,554.8697265,,554.8697265,FALSE,FALSE,554.8697265,FALSE,FALSE,554.8697265,FALSE,FALSE,FALSE
50,50,0.4,0.85,,,512.5156699,,512.5156699,FALSE,FALSE,FALSE,512.5156699,FALSE,512.5156699,FALSE,FALSE,FALSE
50,50,0.4,0.85,,,512.5156699,,512.5156699,FALSE,FALSE,FALSE,512.5156699,FALSE,512.5156699,FALSE,FALSE,FALSE
50,50,0.4,0.85,,,512.5156699,,512.5156699,FALSE,FALSE,FALSE,512.5156699,FALSE,512.5156699,FALSE,FALSE,FALSE
50,50,0.4,1,,,549.5335804,,549.5335804,FALSE,FALSE,FALSE,FALSE,549.5335804,549.5335804,FALSE,FALSE,FALSE
50,50,0.4,1,,,549.5335804,,549.5335804,FALSE,FALSE,FALSE,FALSE,549.5335804,549.5335804,FALSE,FALSE,FALSE
50,50,0.4,1,,,549.5335804,,549.5335804,FALSE,FALSE,FALSE,FALSE,549.5335804,549.5335804,FALSE,FALSE,FALSE
50,50,0.55,0.4,,,554.8697265,,FALSE,554.8697265,FALSE,554.8697265,FALSE,FALSE,554.8697265,FALSE,FALSE,FALSE
50,50,0.55,0.4,,,554.8697265,,FALSE,554.8697265,FALSE,554.8697265,FALSE,FALSE,554.8697265,FALSE,FALSE,FALSE
50,50,0.55,0.4,,,554.8697265,,FALSE,554.8697265,FALSE,554.8697265,FALSE,FALSE,554.8697265,FALSE,FALSE,FALSE
50,50,0.55,0.85,,,512.5156699,,FALSE,512.5156699,FALSE,FALSE,512.5156699,FALSE,512.5156699,FALSE,FALSE,FALSE
50,50,0.55,0.85,,,512.5156699,,FALSE,512.5156699,FALSE,FALSE,512.5156699,FALSE,512.5156699,FALSE,FALSE,FALSE
50,50,0.55,0.85,,,512.5156699,,FALSE,512.5156699,FALSE,FALSE,512.5156699,FALSE,512.5156699,FALSE,FALSE,FALSE
50,50,0.55,1,,,549.5335804,,FALSE,549.5335804,FALSE,FALSE,FALSE,549.5335804,549.5335804,FALSE,FALSE,FALSE
50,50,0.55,1,,,549.5335804,,FALSE,549.5335804,FALSE,FALSE,FALSE,549.5335804,549.5335804,FALSE,FALSE,FALSE
50,50,0.55,1,,,549.5335804,,FALSE,549.5335804,FALSE,FALSE,FALSE,549.5335804,549.5335804,FALSE,FALSE,FALSE
50,50,1,0.4,,,554.8697265,,FALSE,FALSE,554.8697265,554.8697265,FALSE,FALSE,554.8697265,FALSE,FALSE,FALSE
50,50,1,0.4,,,554.8697265,,FALSE,FALSE,554.8697265,554.8697265,FALSE,FALSE,554.8697265,FALSE,FALSE,FALSE
50,50,1,0.4,,,554.8697265,,FALSE,FALSE,554.8697265,554.8697265,FALSE,FALSE,554.8697265,FALSE,FALSE,FALSE
50,50,1,0.85,,,512.5156699,,FALSE,FALSE,512.5156699,FALSE,512.5156699,FALSE,512.5156699,FALSE,FALSE,FALSE
50,50,1,0.85,,,512.5156699,,FALSE,FALSE,512.5156699,FALSE,512.5156699,FALSE,512.5156699,FALSE,FALSE,FALSE
50,50,1,0.85,,,512.5156699,,FALSE,FALSE,512.5156699,FALSE,512.5156699,FALSE,512.5156699,FALSE,FALSE,FALSE
50,50,1,1,,,549.5335804,,FALSE,FALSE,549.5335804,FALSE,FALSE,549.5335804,549.5335804,FALSE,FALSE,FALSE
50,50,1,1,,,549.5335804,,FALSE,FALSE,549.5335804,FALSE,FALSE,549.5335804,549.5335804,FALSE,FALSE,FALSE
50,50,1,1,,,549.5335804,,FALSE,FALSE,549.5335804,FALSE,FALSE,549.5335804,549.5335804,FALSE,FALSE,FALSE
50,100,0.4,0.4,,,554.8697265,,554.8697265,FALSE,FALSE,554.8697265,FALSE,FALSE,FALSE,554.8697265,FALSE,FALSE
50,100,0.4,0.4,,,554.8697265,,554.8697265,FALSE,FALSE,554.8697265,FALSE,FALSE,FALSE,554.8697265,FALSE,FALSE
50,100,0.4,0.4,,,554.8697265,,554.8697265,FALSE,FALSE,554.8697265,FALSE,FALSE,FALSE,554.8697265,FALSE,FALSE
50,100,0.4,0.85,,,512.5156699,,512.5156699,FALSE,FALSE,FALSE,512.5156699,FALSE,FALSE,512.5156699,FALSE,FALSE
50,100,0.4,0.85,,,512.5156699,,512.5156699,FALSE,FALSE,FALSE,512.5156699,FALSE,FALSE,512.5156699,FALSE,FALSE
50,100,0.4,0.85,,,512.5156699,,512.5156699,FALSE,FALSE,FALSE,512.5156699,FALSE,FALSE,512.5156699,FALSE,FALSE
50,100,0.4,1,,,505.9920799,,505.9920799,FALSE,FALSE,FALSE,FALSE,505.9920799,FALSE,505.9920799,FALSE,FALSE
50,100,0.4,1,,,505.9920799,,505.9920799,FALSE,FALSE,FALSE,FALSE,505.9920799,FALSE,505.9920799,FALSE,FALSE
50,100,0.4,1,,,505.9920799,,505.9920799,FALSE,FALSE,FALSE,FALSE,505.9920799,FALSE,505.9920799,FALSE,FALSE
50,100,0.55,0.4,,,554.8697265,,FALSE,554.8697265,FALSE,554.8697265,FALSE,FALSE,FALSE,554.8697265,FALSE,FALSE
50,100,0.55,0.4,,,554.8697265,,FALSE,554.8697265,FALSE,554.8697265,FALSE,FALSE,FALSE,554.8697265,FALSE,FALSE
50,100,0.55,0.4,,,554.8697265,,FALSE,554.8697265,FALSE,554.8697265,FALSE,FALSE,FALSE,554.8697265,FALSE,FALSE
50,100,0.55,0.85,,,512.5156699,,FALSE,512.5156699,FALSE,FALSE,512.5156699,FALSE,FALSE,512.5156699,FALSE,FALSE
50,100,0.55,0.85,,,512.5156699,,FALSE,512.5156699,FALSE,FALSE,512.5156699,FALSE,FALSE,512.5156699,FALSE,FALSE
50,100,0.55,0.85,,,512.5156699,,FALSE,512.5156699,FALSE,FALSE,512.5156699,FALSE,FALSE,512.5156699,FALSE,FALSE
50,100,0.55,1,,,505.9920799,,FALSE,505.9920799,FALSE,FALSE,FALSE,505.9920799,FALSE,505.9920799,FALSE,FALSE
50,100,0.55,1,,,505.9920799,,FALSE,505.9920799,FALSE,FALSE,FALSE,505.9920799,FALSE,505.9920799,FALSE,FALSE
50,100,0.55,1,,,505.9920799,,FALSE,505.9920799,FALSE,FALSE,FALSE,505.9920799,FALSE,505.9920799,FALSE,FALSE
50,100,1,0.4,,,554.8697265,,FALSE,FALSE,554.8697265,554.8697265,FALSE,FALSE,FALSE,554.8697265,FALSE,FALSE
50,100,1,0.4,,,519.6196516,,FALSE,FALSE,519.6196516,519.6196516,FALSE,FALSE,FALSE,519.6196516,FALSE,FALSE
50,100,1,0.4,,,519.6196516,,FALSE,FALSE,519.6196516,519.6196516,FALSE,FALSE,FALSE,519.6196516,FALSE,FALSE
50,100,1,0.85,,,512.5156699,,FALSE,FALSE,512.5156699,FALSE,512.5156699,FALSE,FALSE,512.5156699,FALSE,FALSE
50,100,1,0.85,,,512.5156699,,FALSE,FALSE,512.5156699,FALSE,512.5156699,FALSE,FALSE,512.5156699,FALSE,FALSE
50,100,1,0.85,,,512.5156699,,FALSE,FALSE,512.5156699,FALSE,512.5156699,FALSE,FALSE,512.5156699,FALSE,FALSE
50,100,1,1,,,505.9920799,,FALSE,FALSE,505.9920799,FALSE,FALSE,505.9920799,FALSE,505.9920799,FALSE,FALSE
50,100,1,1,,,505.9920799,,FALSE,FALSE,505.9920799,FALSE,FALSE,505.9920799,FALSE,505.9920799,FALSE,FALSE
50,100,1,1,,,505.9920799,,FALSE,FALSE,505.9920799,FALSE,FALSE,505.9920799,FALSE,505.9920799,FALSE,FALSE
50,150,0.4,0.4,,,533.413106,,533.413106,FALSE,FALSE,533.413106,FALSE,FALSE,FALSE,FALSE,533.413106,FALSE
50,150,0.4,0.4,,,533.413106,,533.413106,FALSE,FALSE,533.413106,FALSE,FALSE,FALSE,FALSE,533.413106,FALSE
50,150,0.4,0.4,,,533.413106,,533.413106,FALSE,FALSE,533.413106,FALSE,FALSE,FALSE,FALSE,533.413106,FALSE
50,150,0.4,0.85,,,480.2385747,,480.2385747,FALSE,FALSE,FALSE,480.2385747,FALSE,FALSE,FALSE,480.2385747,FALSE
50,150,0.4,0.85,,,480.2385747,,480.2385747,FALSE,FALSE,FALSE,480.2385747,FALSE,FALSE,FALSE,480.2385747,FALSE
50,150,0.4,0.85,,,480.2385747,,480.2385747,FALSE,FALSE,FALSE,480.2385747,FALSE,FALSE,FALSE,480.2385747,FALSE
50,150,0.4,1,,,477.3057166,,477.3057166,FALSE,FALSE,FALSE,FALSE,477.3057166,FALSE,FALSE,477.3057166,FALSE
50,150,0.4,1,,,477.3057166,,477.3057166,FALSE,FALSE,FALSE,FALSE,477.3057166,FALSE,FALSE,477.3057166,FALSE
50,150,0.4,1,,,477.3057166,,477.3057166,FALSE,FALSE,FALSE,FALSE,477.3057166,FALSE,FALSE,477.3057166,FALSE
50,150,0.55,0.4,,,533.413106,,FALSE,533.413106,FALSE,533.413106,FALSE,FALSE,FALSE,FALSE,533.413106,FALSE
50,150,0.55,0.4,,,533.413106,,FALSE,533.413106,FALSE,533.413106,FALSE,FALSE,FALSE,FALSE,533.413106,FALSE
50,150,0.55,0.4,,,533.413106,,FALSE,533.413106,FALSE,533.413106,FALSE,FALSE,FALSE,FALSE,533.413106,FALSE
50,150,0.55,0.85,,,480.2385747,,FALSE,480.2385747,FALSE,FALSE,480.2385747,FALSE,FALSE,FALSE,480.2385747,FALSE
50,150,0.55,0.85,,,480.2385747,,FALSE,480.2385747,FALSE,FALSE,480.2385747,FALSE,FALSE,FALSE,480.2385747,FALSE
50,150,0.55,0.85,,,480.2385747,,FALSE,480.2385747,FALSE,FALSE,480.2385747,FALSE,FALSE,FALSE,480.2385747,FALSE
50,150,0.55,1,,,477.3057166,,FALSE,477.3057166,FALSE,FALSE,FALSE,477.3057166,FALSE,FALSE,477.3057166,FALSE
50,150,0.55,1,,,477.3057166,,FALSE,477.3057166,FALSE,FALSE,FALSE,477.3057166,FALSE,FALSE,477.3057166,FALSE
50,150,0.55,1,,,477.3057166,,FALSE,477.3057166,FALSE,FALSE,FALSE,477.3057166,FALSE,FALSE,477.3057166,FALSE
50,150,1,0.4,,,533.413106,,FALSE,FALSE,533.413106,533.413106,FALSE,FALSE,FALSE,FALSE,533.413106,FALSE
50,150,1,0.4,,,533.413106,,FALSE,FALSE,533.413106,533.413106,FALSE,FALSE,FALSE,FALSE,533.413106,FALSE
50,150,1,0.4,,,533.413106,,FALSE,FALSE,533.413106,533.413106,FALSE,FALSE,FALSE,FALSE,533.413106,FALSE
50,150,1,0.85,,,480.2385747,,FALSE,FALSE,480.2385747,FALSE,480.2385747,FALSE,FALSE,FALSE,480.2385747,FALSE
50,150,1,0.85,,,480.2385747,,FALSE,FALSE,480.2385747,FALSE,480.2385747,FALSE,FALSE,FALSE,480.2385747,FALSE
50,150,1,0.85,,,480.2385747,,FALSE,FALSE,480.2385747,FALSE,480.2385747,FALSE,FALSE,FALSE,480.2385747,FALSE
50,150,1,1,,,477.3057166,,FALSE,FALSE,477.3057166,FALSE,FALSE,477.3057166,FALSE,FALSE,477.3057166,FALSE
50,150,1,1,,,477.3057166,,FALSE,FALSE,477.3057166,FALSE,FALSE,477.3057166,FALSE,FALSE,477.3057166,FALSE
50,150,1,1,,,477.3057166,,FALSE,FALSE,477.3057166,FALSE,FALSE,477.3057166,FALSE,FALSE,477.3057166,FALSE
50,200,0.4,0.4,,,533.413106,,533.413106,FALSE,FALSE,533.413106,FALSE,FALSE,FALSE,FALSE,FALSE,533.413106
50,200,0.4,0.4,,,533.413106,,533.413106,FALSE,FALSE,533.413106,FALSE,FALSE,FALSE,FALSE,FALSE,533.413106
50,200,0.4,0.4,,,533.413106,,533.413106,FALSE,FALSE,533.413106,FALSE,FALSE,FALSE,FALSE,FALSE,533.413106
50,200,0.4,0.85,,,480.2385747,,480.2385747,FALSE,FALSE,FALSE,480.2385747,FALSE,FALSE,FALSE,FALSE,480.2385747
50,200,0.4,0.85,,,480.2385747,,480.2385747,FALSE,FALSE,FALSE,480.2385747,FALSE,FALSE,FALSE,FALSE,480.2385747
50,200,0.4,0.85,,,480.2385747,,480.2385747,FALSE,FALSE,FALSE,480.2385747,FALSE,FALSE,FALSE,FALSE,480.2385747
50,200,0.4,1,,,477.3057166,,477.3057166,FALSE,FALSE,FALSE,FALSE,477.3057166,FALSE,FALSE,FALSE,477.3057166
50,200,0.4,1,,,477.3057166,,477.3057166,FALSE,FALSE,FALSE,FALSE,477.3057166,FALSE,FALSE,FALSE,477.3057166
50,200,0.4,1,,,477.3057166,,477.3057166,FALSE,FALSE,FALSE,FALSE,477.3057166,FALSE,FALSE,FALSE,477.3057166
50,200,0.55,0.4,,,533.413106,,FALSE,533.413106,FALSE,533.413106,FALSE,FALSE,FALSE,FALSE,FALSE,533.413106
50,200,0.55,0.4,,,533.413106,,FALSE,533.413106,FALSE,533.413106,FALSE,FALSE,FALSE,FALSE,FALSE,533.413106
50,200,0.55,0.4,,,533.413106,,FALSE,533.413106,FALSE,533.413106,FALSE,FALSE,FALSE,FALSE,FALSE,533.413106
50,200,0.55,0.85,,,480.2385747,,FALSE,480.2385747,FALSE,FALSE,480.2385747,FALSE,FALSE,FALSE,FALSE,480.2385747
50,200,0.55,0.85,,,480.2385747,,FALSE,480.2385747,FALSE,FALSE,480.2385747,FALSE,FALSE,FALSE,FALSE,480.2385747
50,200,0.55,0.85,,,480.2385747,,FALSE,480.2385747,FALSE,FALSE,480.2385747,FALSE,FALSE,FALSE,FALSE,480.2385747
50,200,0.55,1,,,477.3057166,,FALSE,477.3057166,FALSE,FALSE,FALSE,477.3057166,FALSE,FALSE,FALSE,477.3057166
50,200,0.55,1,,,477.3057166,,FALSE,477.3057166,FALSE,FALSE,FALSE,477.3057166,FALSE,FALSE,FALSE,477.3057166
50,200,0.55,1,,,477.3057166,,FALSE,477.3057166,FALSE,FALSE,FALSE,477.3057166,FALSE,FALSE,FALSE,477.3057166
50,200,1,0.4,,,533.413106,,FALSE,FALSE,533.413106,533.413106,FALSE,FALSE,FALSE,FALSE,FALSE,533.413106
50,200,1,0.4,,,533.413106,,FALSE,FALSE,533.413106,533.413106,FALSE,FALSE,FALSE,FALSE,FALSE,533.413106
50,200,1,0.4,,,533.413106,,FALSE,FALSE,533.413106,533.413106,FALSE,FALSE,FALSE,FALSE,FALSE,533.413106
50,200,1,0.85,,,480.2385747,,FALSE,FALSE,480.2385747,FALSE,480.2385747,FALSE,FALSE,FALSE,FALSE,480.2385747
50,200,1,0.85,,,480.2385747,,FALSE,FALSE,480.2385747,FALSE,480.2385747,FALSE,FALSE,FALSE,FALSE,480.2385747
50,200,1,0.85,,,480.2385747,,FALSE,FALSE,480.2385747,FALSE,480.2385747,FALSE,FALSE,FALSE,FALSE,480.2385747
50,200,1,1,,,477.3057166,,FALSE,FALSE,477.3057166,FALSE,FALSE,477.3057166,FALSE,FALSE,FALSE,477.3057166
50,200,1,1,,,477.3057166,,FALSE,FALSE,477.3057166,FALSE,FALSE,477.3057166,FALSE,FALSE,FALSE,477.3057166
50,200,1,1,,,477.3057166,,FALSE,FALSE,477.3057166,FALSE,FALSE,477.3057166,FALSE,FALSE,FALSE,477.3057166
50,50,0.4,0.4,,,538.4972319,,538.4972319,FALSE,FALSE,538.4972319,FALSE,FALSE,538.4972319,FALSE,FALSE,FALSE
50,50,0.4,0.4,,,538.4972319,,538.4972319,FALSE,FALSE,538.4972319,FALSE,FALSE,538.4972319,FALSE,FALSE,FALSE
50,50,0.4,0.4,,,538.4972319,,538.4972319,FALSE,FALSE,538.4972319,FALSE,FALSE,538.4972319,FALSE,FALSE,FALSE
50,50,0.4,0.85,,,514.120577,,514.120577,FALSE,FALSE,FALSE,514.120577,FALSE,514.120577,FALSE,FALSE,FALSE
50,50,0.4,0.85,,,514.120577,,514.120577,FALSE,FALSE,FALSE,514.120577,FALSE,514.120577,FALSE,FALSE,FALSE
50,50,0.4,0.85,,,514.120577,,514.120577,FALSE,FALSE,FALSE,514.120577,FALSE,514.120577,FALSE,FALSE,FALSE
50,50,0.4,1,,,471.0878102,,471.0878102,FALSE,FALSE,FALSE,FALSE,471.0878102,471.0878102,FALSE,FALSE,FALSE
50,50,0.4,1,,,471.0878102,,471.0878102,FALSE,FALSE,FALSE,FALSE,471.0878102,471.0878102,FALSE,FALSE,FALSE
50,50,0.4,1,,,471.0878102,,471.0878102,FALSE,FALSE,FALSE,FALSE,471.0878102,471.0878102,FALSE,FALSE,FALSE
50,50,0.55,0.4,,,538.4972319,,FALSE,538.4972319,FALSE,538.4972319,FALSE,FALSE,538.4972319,FALSE,FALSE,FALSE
50,50,0.55,0.4,,,538.4972319,,FALSE,538.4972319,FALSE,538.4972319,FALSE,FALSE,538.4972319,FALSE,FALSE,FALSE
50,50,0.55,0.4,,,538.4972319,,FALSE,538.4972319,FALSE,538.4972319,FALSE,FALSE,538.4972319,FALSE,FALSE,FALSE
50,50,0.55,0.85,,,514.120577,,FALSE,514.120577,FALSE,FALSE,514.120577,FALSE,514.120577,FALSE,FALSE,FALSE
50,50,0.55,0.85,,,514.120577,,FALSE,514.120577,FALSE,FALSE,514.120577,FALSE,514.120577,FALSE,FALSE,FALSE
50,50,0.55,0.85,,,514.120577,,FALSE,514.120577,FALSE,FALSE,514.120577,FALSE,514.120577,FALSE,FALSE,FALSE
50,50,0.55,1,,,471.0878102,,FALSE,471.0878102,FALSE,FALSE,FALSE,471.0878102,471.0878102,FALSE,FALSE,FALSE
50,50,0.55,1,,,471.0878102,,FALSE,471.0878102,FALSE,FALSE,FALSE,471.0878102,471.0878102,FALSE,FALSE,FALSE
50,50,0.55,1,,,471.0878102,,FALSE,471.0878102,FALSE,FALSE,FALSE,471.0878102,471.0878102,FALSE,FALSE,FALSE
50,50,1,0.4,,,538.4972319,,FALSE,FALSE,538.4972319,538.4972319,FALSE,FALSE,538.4972319,FALSE,FALSE,FALSE
50,50,1,0.4,,,538.4972319,,FALSE,FALSE,538.4972319,538.4972319,FALSE,FALSE,538.4972319,FALSE,FALSE,FALSE
50,50,1,0.4,,,538.4972319,,FALSE,FALSE,538.4972319,538.4972319,FALSE,FALSE,538.4972319,FALSE,FALSE,FALSE
50,50,1,0.85,,,514.120577,,FALSE,FALSE,514.120577,FALSE,514.120577,FALSE,514.120577,FALSE,FALSE,FALSE
50,50,1,0.85,,,514.120577,,FALSE,FALSE,514.120577,FALSE,514.120577,FALSE,514.120577,FALSE,FALSE,FALSE
50,50,1,0.85,,,514.120577,,FALSE,FALSE,514.120577,FALSE,514.120577,FALSE,514.120577,FALSE,FALSE,FALSE
50,50,1,1,,,471.0878102,,FALSE,FALSE,471.0878102,FALSE,FALSE,471.0878102,471.0878102,FALSE,FALSE,FALSE
50,50,1,1,,,471.0878102,,FALSE,FALSE,471.0878102,FALSE,FALSE,471.0878102,471.0878102,FALSE,FALSE,FALSE
50,50,1,1,,,471.0878102,,FALSE,FALSE,471.0878102,FALSE,FALSE,471.0878102,471.0878102,FALSE,FALSE,FALSE
50,100,0.4,0.4,,,538.4972319,,538.4972319,FALSE,FALSE,538.4972319,FALSE,FALSE,FALSE,538.4972319,FALSE,FALSE
50,100,0.4,0.4,,,538.4972319,,538.4972319,FALSE,FALSE,538.4972319,FALSE,FALSE,FALSE,538.4972319,FALSE,FALSE
50,100,0.4,0.4,,,538.4972319,,538.4972319,FALSE,FALSE,538.4972319,FALSE,FALSE,FALSE,538.4972319,FALSE,FALSE
50,100,0.4,0.85,,,485.9886638,,485.9886638,FALSE,FALSE,FALSE,485.9886638,FALSE,FALSE,485.9886638,FALSE,FALSE
50,100,0.4,0.85,,,485.9886638,,485.9886638,FALSE,FALSE,FALSE,485.9886638,FALSE,FALSE,485.9886638,FALSE,FALSE
50,100,0.4,0.85,,,485.9886638,,485.9886638,FALSE,FALSE,FALSE,485.9886638,FALSE,FALSE,485.9886638,FALSE,FALSE
50,100,0.4,1,,,470.1400465,,470.1400465,FALSE,FALSE,FALSE,FALSE,470.1400465,FALSE,470.1400465,FALSE,FALSE
50,100,0.4,1,,,470.1400465,,470.1400465,FALSE,FALSE,FALSE,FALSE,470.1400465,FALSE,470.1400465,FALSE,FALSE
50,100,0.4,1,,,470.1400465,,470.1400465,FALSE,FALSE,FALSE,FALSE,470.1400465,FALSE,470.1400465,FALSE,FALSE
50,100,0.55,0.4,,,538.4972319,,FALSE,538.4972319,FALSE,538.4972319,FALSE,FALSE,FALSE,538.4972319,FALSE,FALSE
50,100,0.55,0.4,,,538.4972319,,FALSE,538.4972319,FALSE,538.4972319,FALSE,FALSE,FALSE,538.4972319,FALSE,FALSE
50,100,0.55,0.4,,,538.4972319,,FALSE,538.4972319,FALSE,538.4972319,FALSE,FALSE,FALSE,538.4972319,FALSE,FALSE
50,100,0.55,0.85,,,485.9886638,,FALSE,485.9886638,FALSE,FALSE,485.9886638,FALSE,FALSE,485.9886638,FALSE,FALSE
50,100,0.55,0.85,,,485.9886638,,FALSE,485.9886638,FALSE,FALSE,485.9886638,FALSE,FALSE,485.9886638,FALSE,FALSE
50,100,0.55,0.85,,,485.9886638,,FALSE,485.9886638,FALSE,FALSE,485.9886638,FALSE,FALSE,485.9886638,FALSE,FALSE
50,100,0.55,1,,,470.1400465,,FALSE,470.1400465,FALSE,FALSE,FALSE,470.1400465,FALSE,470.1400465,FALSE,FALSE
50,100,0.55,1,,,470.1400465,,FALSE,470.1400465,FALSE,FALSE,FALSE,470.1400465,FALSE,470.1400465,FALSE,FALSE
50,100,0.55,1,,,470.1400465,,FALSE,470.1400465,FALSE,FALSE,FALSE,470.1400465,FALSE,470.1400465,FALSE,FALSE
50,100,1,0.4,,,538.4972319,,FALSE,FALSE,538.4972319,538.4972319,FALSE,FALSE,FALSE,538.4972319,FALSE,FALSE
50,100,1,0.4,,,538.4972319,,FALSE,FALSE,538.4972319,538.4972319,FALSE,FALSE,FALSE,538.4972319,FALSE,FALSE
50,100,1,0.4,,,538.4972319,,FALSE,FALSE,538.4972319,538.4972319,FALSE,FALSE,FALSE,538.4972319,FALSE,FALSE
50,100,1,0.85,,,485.9886638,,FALSE,FALSE,485.9886638,FALSE,485.9886638,FALSE,FALSE,485.9886638,FALSE,FALSE
50,100,1,0.85,,,485.9886638,,FALSE,FALSE,485.9886638,FALSE,485.9886638,FALSE,FALSE,485.9886638,FALSE,FALSE
50,100,1,0.85,,,485.9886638,,FALSE,FALSE,485.9886638,FALSE,485.9886638,FALSE,FALSE,485.9886638,FALSE,FALSE
50,100,1,1,,,470.1400465,,FALSE,FALSE,470.1400465,FALSE,FALSE,470.1400465,FALSE,470.1400465,FALSE,FALSE
50,100,1,1,,,470.1400465,,FALSE,FALSE,470.1400465,FALSE,FALSE,470.1400465,FALSE,470.1400465,FALSE,FALSE
50,100,1,1,,,470.1400465,,FALSE,FALSE,470.1400465,FALSE,FALSE,470.1400465,FALSE,470.1400465,FALSE,FALSE
50,150,0.4,0.4,,,538.4972319,,538.4972319,FALSE,FALSE,538.4972319,FALSE,FALSE,FALSE,FALSE,538.4972319,FALSE
50,150,0.4,0.4,,,538.4972319,,538.4972319,FALSE,FALSE,538.4972319,FALSE,FALSE,FALSE,FALSE,538.4972319,FALSE
50,150,0.4,0.4,,,538.4972319,,538.4972319,FALSE,FALSE,538.4972319,FALSE,FALSE,FALSE,FALSE,538.4972319,FALSE
50,150,0.4,0.85,,,485.9886638,,485.9886638,FALSE,FALSE,FALSE,485.9886638,FALSE,FALSE,FALSE,485.9886638,FALSE
50,150,0.4,0.85,,,485.9886638,,485.9886638,FALSE,FALSE,FALSE,485.9886638,FALSE,FALSE,FALSE,485.9886638,FALSE
50,150,0.4,0.85,,,485.9886638,,485.9886638,FALSE,FALSE,FALSE,485.9886638,FALSE,FALSE,FALSE,485.9886638,FALSE
50,150,0.4,1,,,470.1400465,,470.1400465,FALSE,FALSE,FALSE,FALSE,470.1400465,FALSE,FALSE,470.1400465,FALSE
50,150,0.4,1,,,470.1400465,,470.1400465,FALSE,FALSE,FALSE,FALSE,470.1400465,FALSE,FALSE,470.1400465,FALSE
50,150,0.4,1,,,470.1400465,,470.1400465,FALSE,FALSE,FALSE,FALSE,470.1400465,FALSE,FALSE,470.1400465,FALSE
50,150,0.55,0.4,,,538.4972319,,FALSE,538.4972319,FALSE,538.4972319,FALSE,FALSE,FALSE,FALSE,538.4972319,FALSE
50,150,0.55,0.4,,,538.4972319,,FALSE,538.4972319,FALSE,538.4972319,FALSE,FALSE,FALSE,FALSE,538.4972319,FALSE
50,150,0.55,0.4,,,538.4972319,,FALSE,538.4972319,FALSE,538.4972319,FALSE,FALSE,FALSE,FALSE,538.4972319,FALSE
50,150,0.55,0.85,,,485.9886638,,FALSE,485.9886638,FALSE,FALSE,485.9886638,FALSE,FALSE,FALSE,485.9886638,FALSE
50,150,0.55,0.85,,,485.9886638,,FALSE,485.9886638,FALSE,FALSE,485.9886638,FALSE,FALSE,FALSE,485.9886638,FALSE
50,150,0.55,0.85,,,485.9886638,,FALSE,485.9886638,FALSE,FALSE,485.9886638,FALSE,FALSE,FALSE,485.9886638,FALSE
50,150,0.55,1,,,470.1400465,,FALSE,470.1400465,FALSE,FALSE,FALSE,470.1400465,FALSE,FALSE,470.1400465,FALSE
50,150,0.55,1,,,470.1400465,,FALSE,470.1400465,FALSE,FALSE,FALSE,470.1400465,FALSE,FALSE,470.1400465,FALSE
50,150,0.55,1,,,470.1400465,,FALSE,470.1400465,FALSE,FALSE,FALSE,470.1400465,FALSE,FALSE,470.1400465,FALSE
50,150,1,0.4,,,538.4972319,,FALSE,FALSE,538.4972319,538.4972319,FALSE,FALSE,FALSE,FALSE,538.4972319,FALSE
50,150,1,0.4,,,538.4972319,,FALSE,FALSE,538.4972319,538.4972319,FALSE,FALSE,FALSE,FALSE,538.4972319,FALSE
50,150,1,0.4,,,538.4972319,,FALSE,FALSE,538.4972319,538.4972319,FALSE,FALSE,FALSE,FALSE,538.4972319,FALSE
50,150,1,0.85,,,485.9886638,,FALSE,FALSE,485.9886638,FALSE,485.9886638,FALSE,FALSE,FALSE,485.9886638,FALSE
50,150,1,0.85,,,485.9886638,,FALSE,FALSE,485.9886638,FALSE,485.9886638,FALSE,FALSE,FALSE,485.9886638,FALSE
50,150,1,0.85,,,485.9886638,,FALSE,FALSE,485.9886638,FALSE,485.9886638,FALSE,FALSE,FALSE,485.9886638,FALSE
50,150,1,1,,,470.1400465,,FALSE,FALSE,470.1400465,FALSE,FALSE,470.1400465,FALSE,FALSE,470.1400465,FALSE
50,150,1,1,,,470.1400465,,FALSE,FALSE,470.1400465,FALSE,FALSE,470.1400465,FALSE,FALSE,470.1400465,FALSE
50,150,1,1,,,470.1400465,,FALSE,FALSE,470.1400465,FALSE,FALSE,470.1400465,FALSE,FALSE,470.1400465,FALSE
50,200,0.4,0.4,,,538.4972319,,538.4972319,FALSE,FALSE,538.4972319,FALSE,FALSE,FALSE,FALSE,FALSE,538.4972319
50,200,0.4,0.4,,,538.4972319,,538.4972319,FALSE,FALSE,538.4972319,FALSE,FALSE,FALSE,FALSE,FALSE,538.4972319
50,200,0.4,0.4,,,538.4972319,,538.4972319,FALSE,FALSE,538.4972319,FALSE,FALSE,FALSE,FALSE,FALSE,538.4972319
50,200,0.4,0.85,,,485.9886638,,485.9886638,FALSE,FALSE,FALSE,485.9886638,FALSE,FALSE,FALSE,FALSE,485.9886638
50,200,0.4,0.85,,,485.9886638,,485.9886638,FALSE,FALSE,FALSE,485.9886638,FALSE,FALSE,FALSE,FALSE,485.9886638
50,200,0.4,0.85,,,485.9886638,,485.9886638,FALSE,FALSE,FALSE,485.9886638,FALSE,FALSE,FALSE,FALSE,485.9886638
50,200,0.4,1,,,470.1400465,,470.1400465,FALSE,FALSE,FALSE,FALSE,470.1400465,FALSE,FALSE,FALSE,470.1400465
50,200,0.4,1,,,470.1400465,,470.1400465,FALSE,FALSE,FALSE,FALSE,470.1400465,FALSE,FALSE,FALSE,470.1400465
50,200,0.4,1,,,470.1400465,,470.1400465,FALSE,FALSE,FALSE,FALSE,470.1400465,FALSE,FALSE,FALSE,470.1400465
50,200,0.55,0.4,,,538.4972319,,FALSE,538.4972319,FALSE,538.4972319,FALSE,FALSE,FALSE,FALSE,FALSE,538.4972319
50,200,0.55,0.4,,,538.4972319,,FALSE,538.4972319,FALSE,538.4972319,FALSE,FALSE,FALSE,FALSE,FALSE,538.4972319
50,200,0.55,0.4,,,538.4972319,,FALSE,538.4972319,FALSE,538.4972319,FALSE,FALSE,FALSE,FALSE,FALSE,538.4972319
50,200,0.55,0.85,,,485.9886638,,FALSE,485.9886638,FALSE,FALSE,485.9886638,FALSE,FALSE,FALSE,FALSE,485.9886638
50,200,0.55,0.85,,,485.9886638,,FALSE,485.9886638,FALSE,FALSE,485.9886638,FALSE,FALSE,FALSE,FALSE,485.9886638
50,200,0.55,0.85,,,485.9886638,,FALSE,485.9886638,FALSE,FALSE,485.9886638,FALSE,FALSE,FALSE,FALSE,485.9886638
50,200,0.55,1,,,470.1400465,,FALSE,470.1400465,FALSE,FALSE,FALSE,470.1400465,FALSE,FALSE,FALSE,470.1400465
50,200,0.55,1,,,470.1400465,,FALSE,470.1400465,FALSE,FALSE,FALSE,470.1400465,FALSE,FALSE,FALSE,470.1400465
50,200,0.55,1,,,470.1400465,,FALSE,470.1400465,FALSE,FALSE,FALSE,470.1400465,FALSE,FALSE,FALSE,470.1400465
50,200,1,0.4,,,538.4972319,,FALSE,FALSE,538.4972319,538.4972319,FALSE,FALSE,FALSE,FALSE,FALSE,538.4972319
50,200,1,0.4,,,538.4972319,,FALSE,FALSE,538.4972319,538.4972319,FALSE,FALSE,FALSE,FALSE,FALSE,538.4972319
50,200,1,0.4,,,538.4972319,,FALSE,FALSE,538.4972319,538.4972319,FALSE,FALSE,FALSE,FALSE,FALSE,538.4972319
50,200,1,0.85,,,485.9886638,,FALSE,FALSE,485.9886638,FALSE,485.9886638,FALSE,FALSE,FALSE,FALSE,485.9886638
50,200,1,0.85,,,485.9886638,,FALSE,FALSE,485.9886638,FALSE,485.9886638,FALSE,FALSE,FALSE,FALSE,485.9886638
50,200,1,0.85,,,485.9886638,,FALSE,FALSE,485.9886638,FALSE,485.9886638,FALSE,FALSE,FALSE,FALSE,485.9886638
50,200,1,1,,,470.1400465,,FALSE,FALSE,470.1400465,FALSE,FALSE,470.1400465,FALSE,FALSE,FALSE,470.1400465
50,200,1,1,,,470.1400465,,FALSE,FALSE,470.1400465,FALSE,FALSE,470.1400465,FALSE,FALSE,FALSE,470.1400465
50,200,1,1,,,470.1400465,,FALSE,FALSE,470.1400465,FALSE,FALSE,470.1400465,FALSE,FALSE,FALSE,470.1400465
,,,,,,,,,,,,,,,,,
,,,,,,,,,,,,,,,,,
,,,,,min,470.1400465,,470.1400465,470.1400465,470.1400465,519.6196516,480.2385747,470.1400465,471.0878102,470.1400465,470.1400465,470.1400465
,,,,,max,588.934874,,588.934874,588.934874,588.934874,588.934874,529.7271969,549.5335804,588.934874,568.980877,568.980877,538.4972319
,,,,,average,511.3012327,,512.3047162,511.3215451,510.2774368,544.6728117,497.3998027,491.8310837,526.4139048,515.2999594,503.5583012,499.9327653
